{
	"name": "Trainspotting",
	// Or use a Dockerfile or Docker Compose file. More info: https://containers.dev/guide/dockerfile
	"build": {
		"dockerfile": "Dockerfile"
	},

	"customizations": {
		// Configure properties specific to VS Code.
		"vscode": {
			// Add the IDs of extensions you want installed when the container is created.
			"extensions": ["redhat.java"]
		}
	},

	// Features to add to the dev container. More info: https://containers.dev/features.
	// "features": {},

	// Use 'forwardPorts' to make a list of ports inside the container available locally.
	// "forwardPorts": [],

	// Use 'postCreateCommand' to run commands after the container is created.
	// "postCreateCommand": "uname -a",

	// Configure tool-specific properties.
	// "customizations": {},

	// Uncomment to connect as root instead. More info: https://aka.ms/dev-containers-non-root.
	// "remoteUser": "root"

	"containerEnv": {
        "DISPLAY": "unix:0"
	},
    "mounts": [
        "source=/tmp/.X11-unix,target=/tmp/.X11-unix,type=bind,consistency=cached"
    ]
}